1.63056531522062E+018,10,15,300
1.63056531522071E+018,416.621,2014,0
1.63056534205812E+018,422.49,3695,0
1.63056536851246E+018,447.991,2813,0
1.63056539496836E+018,398.642,1582,0
1.63056542141887E+018,2516.505,8950,0
1.6305654478673E+018,2766.485,10064,0
1.63056547431914E+018,2843.396,11454,0
1.63056550077354E+018,2913.102,16415,0
1.63056552722868E+018,556.631,7846,0
1.6305655536851E+018,387.273,1588,0
1.63056558050665E+018,390.012,1468,0
1.63056560695661E+018,385.156,1670,0
1.63056563354239E+018,399.977,1868,0
1.63056565999442E+018,402.835,1573,0
1.63056568644241E+018,2445.38,10455,0
1.63056571289225E+018,2829.681,21926,0
1.63056573934667E+018,2947.204,15843,0
1.63056576579949E+018,2698.878,10154,0
1.63056579224702E+018,443.622,3606,0
1.63056581886569E+018,402.247,12255,0
1.63056584532008E+018,397.795,4185,0
1.63056587176716E+018,416.382,3812,0
1.63056589822245E+018,427.19,2929,0
1.63056592467756E+018,867.783,5928,0
1.63056595113446E+018,2504.989,8420,0
1.6305659775894E+018,2815.193,20807,0
1.63056600430619E+018,3005.841,19110,0
1.63056603076469E+018,2103.254,17574,0
1.63056605721826E+018,368.431,1519,0
1.63056608367182E+018,372.524,1632,0
1.63056611012264E+018,367.71,1522,0
1.63056613657756E+018,483.989,3926,0
1.63056616303227E+018,2694.306,11574,0
1.63056618963706E+018,2954.959,16574,0
1.63056621609233E+018,2886.548,16018,0
1.6305662425454E+018,2807.428,13789,0
1.63056626899994E+018,2802.22,19752,0
1.63056629544335E+018,2829.914,27402,0
1.63056632189731E+018,2783.461,21285,0
1.63056634834192E+018,2644.379,9423,0
1.6305663749693E+018,2855.019,18404,0
1.63056640141589E+018,2607.951,8795,0
1.63056642786745E+018,2650.905,12238,0
1.63056645432219E+018,2844.005,15327,0
1.63056648077144E+018,2696.77,15004,0
1.63056650722522E+018,2607.859,15593,0
1.63056653367094E+018,2628.7,20208,0
1.63056656012558E+018,2595.096,20220,0
1.63056658673821E+018,3082.53,22209,0
1.63056661319608E+018,2681.208,27833,0
1.63056663964982E+018,2763.964,13336,0
1.63056666610371E+018,2502.582,8266,0
1.63056669255421E+018,2952.358,22063,0
1.63056671901013E+018,2571.696,12337,0
1.63056674546664E+018,2939.202,20075,0
1.63056677199683E+018,2553.327,12667,0
1.63056679844923E+018,2627.661,18656,0
1.63056682489984E+018,2557.196,11737,0
1.63056685135439E+018,2531.492,10965,0
1.63056687781003E+018,2694.942,18580,0
1.63056690425935E+018,2675.996,22920,0
1.63056693071335E+018,2606.903,13914,0
1.63056695716424E+018,2902.795,23003,0
1.6305669836186E+018,2616.743,17288,0
1.6305670100728E+018,2718.868,12622,0
1.63056703651759E+018,2862.054,19857,0
1.63056706297302E+018,2879.956,23692,0
1.63056708942612E+018,2544.62,12101,0
1.63056711587975E+018,2935.988,21600,0
1.63056714233525E+018,2623.844,13155,0
1.63056716889509E+018,2853.574,25845,0
1.63056719534656E+018,2548.639,9528,0
1.63056722179972E+018,2527.034,9034,0
1.63056724825637E+018,2625.243,16738,0
1.63056727471129E+018,2718.481,13690,0
1.63056730116573E+018,2723.532,13304,0
1.63056732762282E+018,2713.01,10792,0
1.63056735417817E+018,2754.027,16840,0
1.63056738062743E+018,2687.529,10644,0
1.63056740708618E+018,2723.303,13331,0
1.63056743353416E+018,2800.485,18031,0
1.63056746010807E+018,2656.422,9519,0
1.63056748663157E+018,2748.185,15166,0
1.63056751315253E+018,2742.373,12798,0
1.630567539677E+018,2797.942,12463,0
1.6305675661985E+018,2689.506,7916,0
1.63056759272169E+018,2724.138,9227,0
1.63056761925026E+018,2726.343,10886,0
1.63056764577392E+018,2703.357,11288,0
1.6305676723587E+018,2679.645,10387,0
1.63056769887482E+018,2697.435,9993,0
1.6305677254005E+018,2705.143,11398,0
1.63056775192733E+018,2630.301,6717,0
1.63056777852028E+018,2678.212,8747,0
1.63056780504445E+018,2698.225,8384,0
1.63056783156864E+018,2713.694,7210,0
1.63056785818145E+018,2852.221,15817,0
1.63056788470219E+018,2875.056,13534,0
1.63056791129414E+018,2715.202,10906,0
1.63056793781963E+018,2799.005,11233,0
1.63056796434656E+018,2732.464,9560,0
1.63056799087395E+018,2778.97,9927,0
1.63056801739729E+018,2756.727,7904,0
1.63056804404373E+018,2875.982,14716,0
1.63056807057124E+018,2732.298,7948,0
1.63056809708665E+018,2731.912,10195,0
1.63056812361201E+018,2750.561,10114,0
1.63056815021015E+018,2810.455,14826,0
1.63056817672986E+018,2866.613,14879,0
1.63056820325021E+018,2712.838,8849,0
1.63056822970953E+018,2689.374,7036,0
1.63056825624248E+018,2733.889,8470,0
1.63056828269612E+018,2884.653,22168,0
1.63056830915182E+018,2673.769,10984,0
1.63056833559818E+018,2683.082,11338,0
1.63056836205525E+018,2826.227,15867,0
1.63056838850942E+018,2889.122,19704,0
1.63056841496804E+018,3317.875,18126,0
1.63056844151993E+018,2755.064,10711,0
1.6305684679776E+018,2990.696,21144,0
1.6305684944353E+018,2773.322,13958,0
1.63056852088753E+018,2802.227,16222,0
1.63056854734364E+018,2957.069,20856,0
1.63056857379971E+018,2837.122,16957,0
1.63056860025727E+018,2884.092,16385,0
1.63056862671341E+018,3068.774,22538,0
1.63056865325896E+018,2882.752,17773,0
1.63056867971231E+018,3149.368,21057,0
1.63056870616477E+018,2725.361,11737,0
1.63056873262242E+018,2725.372,12013,0
1.63056875907511E+018,2925.099,20302,0
1.63056878552941E+018,2716.821,14377,0
1.63056881198373E+018,3045.254,27206,0
1.6305688385207E+018,2715.098,12856,0
1.63056886497747E+018,2639.636,14120,0
1.63056889142225E+018,2621.217,10527,0
1.6305689178671E+018,2554.839,10031,0
1.63056894432463E+018,2617.87,11008,0
1.63056897077923E+018,2578.286,8352,0
1.63056899723454E+018,2791.441,17557,0
1.63056902369004E+018,2839.587,22697,0
1.63056905013811E+018,2793.624,13782,0
1.63056907659301E+018,2756.391,17714,0
1.63056910304939E+018,2762.816,15682,0
1.63056912950251E+018,2785.737,16198,0
1.63056915599656E+018,2728.797,15637,0
1.63056918245184E+018,2816.445,14642,0
1.63056920890589E+018,2734.325,16848,0
1.63056923536791E+018,2694.833,14942,0
1.63056926182468E+018,2660.722,10600,0
1.6305692882742E+018,2617.969,9455,0
1.63056931472219E+018,2720.294,18483,0
1.63056934117756E+018,2961.621,17965,0
1.63056936774365E+018,2776.433,17064,0
1.63056939419793E+018,2849.278,23680,0
1.63056942065074E+018,2636.344,11985,0
1.63056944710533E+018,2728.327,17897,0
1.63056947356135E+018,2738.221,23369,0
1.63056950000887E+018,2703.59,11791,0
1.63056952646215E+018,2729.069,13707,0
1.63056955303267E+018,2763.391,15484,0
1.6305695794863E+018,2609.666,12877,0
1.63056960594192E+018,2733.51,11707,0
1.63056963239686E+018,2855.331,19186,0
1.63056965885091E+018,2616.584,13687,0
1.63056968530512E+018,2672.687,12451,0
1.63056971176458E+018,2598.873,10611,0
1.63056973821903E+018,2527.754,6764,0
1.63056976467294E+018,2533.397,9492,0
1.63056979113001E+018,2700.621,17244,0
1.63056981758515E+018,2608.854,10781,0
1.63056984404053E+018,2938.325,22911,0
1.63056987049396E+018,2812.146,18396,0
1.63056989695146E+018,2761.471,16610,0
1.63056992340308E+018,2770.805,15086,0
1.63056995001411E+018,2714.677,9738,0
1.63056997646446E+018,2802.902,15019,0
1.63057000291038E+018,2618.2,6838,0
1.63057002936577E+018,2622.857,6919,0
1.63057005581061E+018,2673.501,9515,0
1.63057008226515E+018,2653.689,6819,0
1.63057010872217E+018,2650.473,7781,0
1.63057013525084E+018,2708.1,6887,0
1.63057016170292E+018,2703.756,8312,0
1.63057018815651E+018,2672.591,13461,0
1.63057021460161E+018,2687.854,7957,0
1.63057024105761E+018,2757.874,19495,0
1.63057026751167E+018,2559.03,7421,0
1.6305702939678E+018,2531.997,6607,0
1.63057032041142E+018,2577.22,6822,0
1.63057034697778E+018,2543.014,6793,0
1.63057037342295E+018,2541.861,7254,0
1.63057039988053E+018,2547.522,7239,0
1.63057042633606E+018,2571.389,11051,0
1.63057045279011E+018,2520.639,8186,0
1.63057047924593E+018,2474.24,6849,0
1.63057050570127E+018,2705.186,14898,0
1.6305705322375E+018,2598.325,10168,0
1.6305705587021E+018,2593.173,13387,0
1.63057058515624E+018,2607.577,8505,0
1.63057061161366E+018,2621.67,11964,0
1.63057063806439E+018,2587.841,7157,0
1.63057066452381E+018,2596.685,7906,0
1.63057069097705E+018,2603.485,8868,0
1.63057071742619E+018,2708.419,15082,0
1.63057074400618E+018,2601.192,9711,0
1.63057077046035E+018,2645.93,12533,0
1.63057079691813E+018,2600.992,10611,0
1.63057082337611E+018,2567.196,8143,0
1.63057084983188E+018,2615.01,13916,0
1.63057087628978E+018,2649.816,13390,0
1.6305709027463E+018,2587.045,7147,0
1.63057092927377E+018,2580.173,8202,0
1.63057095572821E+018,2651.395,14791,0
1.63057098218329E+018,2668.462,7009,0
1.63057100864168E+018,2578.759,8333,0
1.63057103509863E+018,2597.23,6902,0
1.63057106177873E+018,2602.534,7449,0
1.63057108823434E+018,2622.268,7730,0
1.63057111468845E+018,2555.059,6851,0
1.63057114114265E+018,2633.004,14266,0
1.63057116759707E+018,2638.809,16175,0
1.63057119404526E+018,2621.266,12017,0
1.63057122049763E+018,2541.721,6633,0
1.6305712470818E+018,2553.996,6685,0
1.63057127352483E+018,2538.053,7724,0
1.63057129998221E+018,2646.146,11302,0
1.63057132643647E+018,2627.067,13135,0
1.63057135288749E+018,2624.317,13669,0
1.63057137934346E+018,2665.914,27516,0
1.63057140580161E+018,2821.405,25141,0
1.63057143225468E+018,2729.616,12386,0
1.63057145879837E+018,2788.262,17449,0
1.63057148525308E+018,2636.328,13695,0
1.63057151170802E+018,2777.023,19320,0
1.63057153816175E+018,2686.063,12783,0
1.63057156461552E+018,2590.192,9732,0
1.63057159106691E+018,2680.578,16170,0
1.63057161751568E+018,2616.847,12459,0
1.63057164408098E+018,2794.981,16977,0
1.63057167060347E+018,2661.317,13104,0
1.6305716971278E+018,2627.893,11124,0
1.63057172365331E+018,2797.849,22715,0
1.63057175017863E+018,2592.481,13760,0
1.63057177670735E+018,2498.709,9912,0
1.63057180323029E+018,2493.277,7385,0
1.63057182975525E+018,2519.973,15271,0
1.63057185629115E+018,2520.339,17562,0
1.63057188281997E+018,2500.205,9738,0
1.63057190934597E+018,2602.108,13760,0
1.63057193587171E+018,2461.706,8441,0
1.63057196246386E+018,2450.775,13375,0
1.63057198898988E+018,2479.203,8691,0
1.63057201550619E+018,2863.572,27828,0
1.63057204211401E+018,2464.997,10959,0
1.63057206863175E+018,2749.433,15366,0
1.63057209515454E+018,2973.193,22751,0
1.63057212167944E+018,2648.204,16178,0
1.6305721482088E+018,2717.663,22094,0
1.6305721747333E+018,2791.977,20233,0
1.63057220124833E+018,2942.338,20772,0
1.63057222777091E+018,2655.731,14074,0
1.6305722543787E+018,2564.96,11763,0
1.63057228090237E+018,2670.407,20052,0
1.63057230742716E+018,2600.72,15382,0
1.63057233395557E+018,2569.101,7386,0
1.63057236048339E+018,2702.234,14911,0
1.63057238700773E+018,2556.261,8452,0
1.63057241347342E+018,2529,8065,0
1.63057243998622E+018,2647.878,13185,0
1.63057246643941E+018,2578.019,10557,0
1.63057249289132E+018,2513.968,17577,0
1.63057251934627E+018,2714.415,19215,0
1.630572545801E+018,2644.103,10669,0
1.63057257225519E+018,2619.486,11035,0
1.630572598701E+018,2661.099,13575,0
1.63057262515159E+018,2708.76,13579,0
1.6305726516017E+018,2636.854,12343,0
1.63057267805692E+018,2753.002,13450,0
1.63057270450116E+018,2758.38,15911,0
1.6305727309545E+018,2539.556,7033,0
1.63057275740101E+018,2450.059,8930,0
1.63057278393013E+018,2499.345,7933,0
1.63057281038029E+018,2520.564,11646,0
1.63057283683836E+018,2573.832,10693,0
1.63057286329085E+018,2654.292,10825,0
1.63057288974365E+018,2589.428,9259,0
1.63057291619669E+018,2559.942,8000,0
1.63057294264863E+018,2512.516,7001,0
1.63057296919641E+018,2608.216,7528,0
1.63057299564417E+018,2575.535,7262,0
1.63057302208778E+018,2611.414,13110,0
1.63057304853983E+018,2575.985,7566,0
1.63057307498383E+018,2569.708,7058,0
1.63057310143788E+018,2532.426,6898,0
1.63057312789345E+018,2546.839,6453,0
1.6305731543448E+018,2602.557,6914,0
1.63057318078275E+018,2581.801,7980,0
1.63057320723533E+018,2804.269,13990,0
1.63057323367949E+018,2737.02,7032,0
1.6305732601348E+018,2699.015,7663,0
1.63057328658986E+018,2636.551,7187,0
1.63057331304195E+018,2653.73,7225,0
1.63057333949978E+018,2558.534,6963,0
1.63057336606075E+018,2620.331,7391,0
1.63057339251776E+018,2648.019,6657,0
1.63057341897297E+018,2618.782,11239,0
1.63057344541538E+018,2611.841,6688,0
1.63057347186881E+018,2642.625,8073,0
1.63057349832724E+018,2665.444,10824,0
1.63057352478304E+018,2690.045,13355,0
1.63057355123968E+018,2679.893,10458,0
1.63057357768876E+018,2678.039,7009,0
1.63057360414441E+018,2704.107,7192,0
1.63057363059005E+018,2769.457,10516,0
1.63057365704881E+018,2729.833,11728,0
1.63057368350411E+018,2941.356,19885,0
1.63057370995979E+018,2691.276,9566,0
1.63057373641403E+018,2683.135,8930,0
1.63057376298089E+018,2886.374,24671,0
1.63057378943655E+018,2613.38,9349,0
1.63057381588619E+018,2646.405,14328,0
1.63057384234632E+018,2570.816,12584,0
1.6305738687913E+018,2550.354,7472,0
1.63057389524108E+018,2582.748,6510,0
1.63057392169422E+018,2575.3,8858,0
1.6305739482227E+018,2587.356,10382,0
1.63057397467417E+018,2593.035,11305,0
1.63057400112865E+018,2536.653,9402,0
1.63057402758415E+018,2548.003,6913,0
1.63057405403835E+018,2677.224,16968,0
1.63057408049344E+018,2658.716,11002,0
1.63057410694836E+018,2686.698,14747,0
1.63057413340432E+018,2957.342,20259,0
1.63057415992363E+018,2673.058,13910,0
1.63057418637888E+018,2754.053,18833,0
1.63057421283361E+018,2749.405,17394,0
1.63057423928905E+018,2639.832,9967,0
1.63057426573594E+018,2594.395,7421,0
1.63057429218981E+018,2557.778,6682,0
1.63057431863917E+018,2584.333,6869,0
1.63057434517951E+018,2684.807,13637,0
1.63057437163539E+018,2776.343,18565,0
1.63057439809035E+018,2640.639,12600,0
1.6305744245342E+018,2615.017,8600,0
1.63057445098773E+018,2608.365,8781,0
1.63057447744121E+018,2621.979,9827,0
1.63057450389514E+018,2683.074,15905,0
1.63057453034384E+018,2696.325,21072,0
1.6305745567997E+018,2796.141,24169,0
1.63057458325724E+018,2584.205,17836,0
1.63057460971338E+018,2482.945,8738,0
1.63057463624519E+018,2571.224,13601,0
1.63057466269939E+018,2453.999,9096,0
1.63057468915226E+018,2484.184,11600,0
1.63057471560444E+018,2780.948,21910,0
1.63057474205018E+018,2621.903,13168,0
1.63057476850415E+018,2610.243,17059,0
1.63057479496105E+018,2638.294,13744,0
1.63057482141524E+018,2519.63,8827,0
1.63057484796031E+018,2661.353,10574,0
1.63057487441402E+018,2614.424,11072,0
1.63057490087093E+018,2497.151,9521,0
1.63057492731822E+018,2536.651,9579,0
1.63057495377367E+018,2535.221,13995,0
1.63057498022044E+018,2585.342,11276,0
1.63057500667616E+018,3016.47,21565,0
1.630575033215E+018,2460.285,9586,0
1.63057505966752E+018,2487.9,8321,0
1.63057508610923E+018,2532.408,10570,0
1.63057511255421E+018,2554.805,8950,0
1.63057513900768E+018,2623.633,11500,0
1.63057516545144E+018,2582.06,13322,0
1.63057519190485E+018,2739.62,18784,0
1.63057521836021E+018,2551.989,11396,0
1.63057524489367E+018,2684.142,19090,0
1.63057527134619E+018,2628.241,18636,0
1.63057529780112E+018,3009.636,21252,0
1.63057532425679E+018,2595.855,12766,0
1.63057535071254E+018,2737.006,16032,0
1.63057537716002E+018,2614.127,9230,0
1.6305754036138E+018,2583.387,13439,0
1.63057543012512E+018,2762.278,18646,0
1.63057545658018E+018,2702.166,16020,0
1.63057548303302E+018,2650.947,12984,0
1.63057550948871E+018,2614.402,11236,0
1.63057553593819E+018,2590.764,19739,0
1.63057556239047E+018,2696.24,19463,0
1.63057558884779E+018,2662.902,10901,0
1.63057561529537E+018,2595.314,9253,0
1.6305756417476E+018,2651.096,9697,0
1.63057566820033E+018,2682.136,7784,0
1.63057569465381E+018,2558.364,6615,0
1.63057572109914E+018,2588.843,6791,0
1.63057574755442E+018,2565.885,6700,0
1.63057577399826E+018,2641.461,10405,0
1.63057580045119E+018,2736.095,13293,0
1.63057582699019E+018,2612.764,8857,0
1.63057585351504E+018,2634.208,6732,0
1.63057588003104E+018,2615.983,6704,0
1.63057590655759E+018,2717.186,11687,0
1.6305759330845E+018,2650.484,6671,0
1.63057595961137E+018,2623.659,7109,0
1.63057598613673E+018,2654.508,11337,0
1.63057601273737E+018,2671.654,13410,0
1.63057603925623E+018,2616.217,6806,0
1.63057606578288E+018,2582.368,7434,0
1.63057609231149E+018,2609.107,7907,0
1.63057611883524E+018,2598.599,6886,0
1.63057614536046E+018,2624.553,6698,0
1.63057617188671E+018,2610.155,6864,0
1.6305761984687E+018,2751.992,7511,0
1.63057622506005E+018,2826.329,14245,0
1.63057625166592E+018,2687.523,15196,0
1.63057627818936E+018,2638.855,7131,0
1.63057630471482E+018,2624.77,8014,0
1.63057633124179E+018,2704.81,7575,0
1.63057635783646E+018,2598.621,7956,0
1.6305763842901E+018,2619.184,9773,0
1.63057641074518E+018,2592.064,9335,0
1.63057643719513E+018,2673.856,6765,0
1.63057646365287E+018,2584.575,6975,0
1.63057649010997E+018,2612.433,7033,0
1.63057651656698E+018,2712.024,7027,0
1.63057654313744E+018,2718.49,6735,0
1.63057656958665E+018,2718.545,7609,0
1.63057659604212E+018,2746.088,7006,0
1.63057662249593E+018,2707.09,6951,0
1.63057664894989E+018,2701.441,8310,0
1.63057667539989E+018,2773.912,12468,0
1.63057670185675E+018,2659.772,10521,0
1.63057672838781E+018,2726.047,14296,0
1.63057675484367E+018,2587.226,7670,0
1.63057678129822E+018,2572.796,10168,0
1.63057680775506E+018,2673.817,13457,0
1.63057683421236E+018,2536.912,10197,0
1.63057686066696E+018,2713.659,12998,0
1.63057688712169E+018,2597.666,13803,0
1.6305769135714E+018,2571.055,10012,0
1.63057694011982E+018,2579.329,9160,0
1.63057696657591E+018,2630.003,14695,0
1.63057699303042E+018,2480.053,9716,0
1.63057701948515E+018,2496.46,12240,0
1.6305770459336E+018,2645.855,13241,0
1.63057707238834E+018,2616.742,13194,0
1.63057709884302E+018,2660.564,9449,0
1.63057712536672E+018,2628.347,12645,0
1.63057715182386E+018,2714.042,13279,0
1.63057717827783E+018,2687.225,12800,0
1.6305772047221E+018,2591.845,10632,0
1.63057723117276E+018,2686.367,16466,0
1.63057725761937E+018,2595.447,15563,0
1.63057728407266E+018,2635.334,12832,0
1.63057731052619E+018,2657.536,13278,0
1.63057733698105E+018,2727.997,17903,0
1.63057736343454E+018,2643.825,18580,0
1.63057738988807E+018,2564.23,12850,0
1.63057741634123E+018,2576.776,14771,0
1.63057744278617E+018,2644.328,13101,0
1.63057746923692E+018,2520.262,10209,0
1.63057749569212E+018,2635.44,13193,0
1.6305775222164E+018,2579.019,12203,0
1.6305775486622E+018,2592.17,15835,0
1.63057757511393E+018,2670.98,10862,0
1.63057760156507E+018,2658.016,13843,0
1.63057762802153E+018,2841.716,27834,0
1.63057765447665E+018,2619.681,12360,0
1.63057768092886E+018,2611.795,11249,0
1.63057770745792E+018,2686.431,15435,0
1.63057773391304E+018,2817.174,24222,0
1.63057776036799E+018,2698.431,19207,0
1.63057778682296E+018,2819.219,20809,0
1.63057781327397E+018,2667.592,15292,0
1.6305778397212E+018,2653.4,18116,0
1.63057786617505E+018,2560.226,17945,0
1.63057789262652E+018,2648.271,27355,0
1.6305779191646E+018,2505.178,9125,0
1.63057794561856E+018,2459.659,7743,0
1.63057797206934E+018,2530.885,15788,0
1.63057799852458E+018,2558.765,14275,0
1.63057802497878E+018,2597.234,12156,0
1.63057805142788E+018,2448.634,10484,0
1.63057807788081E+018,2352.008,7105,0
1.63057810445915E+018,2343.438,7583,0
1.63057813091321E+018,2524.271,15566,0
1.63057815736639E+018,2527.207,12610,0
1.63057818381345E+018,2637.91,27836,0
1.63057821026735E+018,2496.294,12028,0
1.63057823679734E+018,2443.666,13144,0
1.63057826324889E+018,2442.745,8231,0
1.6305782897018E+018,2517.234,11162,0
1.6305783161518E+018,2573.076,17991,0
1.63057834260441E+018,2468.577,8379,0
1.63057836905012E+018,2538.181,13876,0
1.63057839550715E+018,2465.715,7804,0
1.63057842207697E+018,2493.832,10646,0
1.63057844853133E+018,2577.647,17091,0
1.63057847498938E+018,2582.11,13817,0
1.63057850143819E+018,2681.248,19436,0
1.63057852789205E+018,2623.335,16336,0
1.63057855435072E+018,2435.802,6535,0
1.63057858080679E+018,2515.172,6449,0
1.63057860725938E+018,2564.422,10213,0
1.63057863378941E+018,2513.342,6876,0
1.63057866024516E+018,2573.641,6777,0
1.63057868669767E+018,2565.279,6998,0
1.63057871315133E+018,2661.421,7342,0
1.63057873959861E+018,2670.834,7083,0
1.63057876605432E+018,2576.821,6924,0
1.63057879250939E+018,2760.542,8495,0
1.63057881907145E+018,2573.266,11215,0
1.63057884551027E+018,2586.027,13780,0
1.63057887195819E+018,2652.66,6779,0
1.6305788984139E+018,2643.272,6780,0
1.6305789248656E+018,2568.411,6618,0
1.63057895132004E+018,2628.931,6960,0
1.6305789777668E+018,2765.708,6968,0
1.63057900421675E+018,2691.71,6715,0
1.6305790307627E+018,2596.548,6930,0
1.63057905721599E+018,2667.062,9365,0
1.63057908366909E+018,2622.809,7178,0
1.63057911012192E+018,2560.086,6771,0
1.63057913657819E+018,2714.476,7188,0
1.63057916303012E+018,2595.329,6729,0
1.63057918947446E+018,2660.316,10145,0
1.63057921602723E+018,2695.949,8181,0
1.63057924247958E+018,2598.916,6621,0
1.63057926893487E+018,2550.867,15921,0
1.63057929538857E+018,2610.831,13400,0
1.63057932184165E+018,2647.17,16563,0
1.63057934829311E+018,2544.386,8029,0
1.63057937474243E+018,2537.494,6902,0
1.63057940119401E+018,2568.573,6878,0
1.63057942772E+018,2627.563,8243,0
1.63057945417654E+018,2553.764,8196,0
1.63057948063157E+018,2534.762,8414,0
1.63057950708601E+018,2499.696,9180,0
1.63057953354276E+018,2532.899,13416,0
1.63057955999532E+018,2483.06,9183,0
1.63057958644224E+018,2476.361,9487,0
1.63057961299924E+018,2483.348,8664,0
1.6305796394538E+018,2529.997,7094,0
1.63057966590548E+018,2750.34,15449,0
1.63057969236128E+018,2544.707,12441,0
1.63057971881417E+018,2610.828,15846,0
1.63057974526481E+018,2710.055,20346,0
1.63057977171725E+018,2680.58,15714,0
1.63057979824008E+018,2580.212,13993,0
1.6305798246962E+018,2461.575,9650,0
1.6305798511422E+018,2487.592,7036,0
1.63057987759862E+018,2476.876,11200,0
1.63057990404619E+018,2495.779,10029,0
1.63057993049172E+018,2828.038,19353,0
1.63057995701294E+018,2464.772,8239,0
1.63057998352958E+018,2629.138,18046,0
1.63058001004629E+018,2731.647,20268,0
1.63058003655957E+018,2743.583,15298,0
1.63058006308306E+018,2639.151,14631,0
1.6305800895981E+018,2526.78,13808,0
1.63058011627819E+018,2508.481,12285,0
1.63058014280218E+018,2493.594,11591,0
1.6305801693239E+018,2386.318,10242,0
1.63058019583756E+018,2563.57,15272,0
1.63058022243401E+018,2565.507,11979,0
1.630580248949E+018,2532.642,18684,0
1.6305802754713E+018,2596.818,16609,0
1.63058030199413E+018,2419.695,8997,0
1.63058032851088E+018,2437.512,12599,0
1.63058035509279E+018,2409.116,14383,0
1.63058038161803E+018,2686.079,18105,0
1.63058040813184E+018,2435.274,8915,0
1.63058043467607E+018,2739.288,22914,0
1.63058046119241E+018,2607.116,18694,0
1.63058048765311E+018,2710.375,19057,0
1.63058051420293E+018,2631.022,14765,0
1.63058054065711E+018,2682.23,17836,0
1.63058056710617E+018,2566.339,10070,0
1.63058059355569E+018,2370.926,7907,0
1.63058062000809E+018,2500.815,17770,0
1.63058064646096E+018,2595.94,21476,0
1.63058067290792E+018,2541.023,20402,0
1.63058069947834E+018,2417.684,9563,0
1.63058072593572E+018,2579.376,18283,0
1.63058075239133E+018,2406.395,20299,0
1.63058077884616E+018,2497.968,14517,0
1.63058080529818E+018,2513.402,13929,0
1.63058083175179E+018,2429.152,12348,0
1.63058085820528E+018,2430.417,11809,0
1.63058088466148E+018,2436.487,11150,0
1.63058091123117E+018,2471.702,16874,0
1.63058093767897E+018,2538.094,15718,0
1.63058096413352E+018,2727.493,12310,0
1.63058099059075E+018,2903.158,19585,0
1.63058101703656E+018,2599.412,19745,0
1.63058104349538E+018,3142.515,25278,0
1.63058106995317E+018,2661.462,18189,0
1.63058109648934E+018,2559.183,14777,0
1.63058112294694E+018,2567.622,16566,0
1.63058114940638E+018,2474.386,8889,0
1.6305811758641E+018,2381.217,7860,0
1.63058120232044E+018,2393.766,8248,0
1.63058122877189E+018,2421.64,17743,0
1.63058125522774E+018,2391.543,13445,0
1.63058128180101E+018,2623.277,22083,0
1.63058130825903E+018,2378.724,12084,0
1.63058133471503E+018,2589.537,16134,0
1.63058136117066E+018,2578.73,13509,0
1.6305813876277E+018,2520.865,12173,0
1.63058141408538E+018,2542.134,12425,0
1.63058144053852E+018,2411.999,7762,0
1.63058146699473E+018,2426.683,18110,0
1.6305814935275E+018,2411.688,11504,0
1.63058151997825E+018,2380.533,6257,0
1.63058154643138E+018,2514.599,6624,0
1.63058157288215E+018,2394.501,12673,0
1.6305815993542E+018,2386.128,11576,0
1.63058162580412E+018,2403.317,7126,0
1.63058165225671E+018,2341.228,8078,0
1.63058167871356E+018,2313.177,7396,0
1.63058170516947E+018,2358.373,7249,0
1.6305817316267E+018,2337.393,9067,0
1.63058175807779E+018,2363.195,10659,0
1.63058178453183E+018,2328.892,8129,0
1.63058181097819E+018,2428.58,12337,0
1.63058183743222E+018,2495.85,9997,0
1.63058186388879E+018,2487.685,11501,0
1.63058189045364E+018,2467.484,11498,0
1.6305819168995E+018,2540.393,15064,0
1.63058194335419E+018,2353.985,9154,0
1.63058196980891E+018,2861.732,18002,0
1.63058199626221E+018,2923.177,16362,0
1.63058202270997E+018,2808.197,14870,0
1.6305820491627E+018,2599.716,12147,0
1.63058207561577E+018,2441.899,7843,0
1.63058210207051E+018,2594.126,6695,0
1.63058212851716E+018,2558.904,9390,0
1.6305821549714E+018,2648.934,17772,0
1.63058218142729E+018,2524.108,10754,0
1.63058220788007E+018,2424.805,8327,0
1.63058223433338E+018,2545.629,10647,0
1.63058226078923E+018,2554.621,10060,0
1.63058228731061E+018,2769.02,10430,0
1.63058231375742E+018,2745.406,8691,0
1.63058234021178E+018,2559.068,11411,0
1.63058236666662E+018,2611.897,9948,0
1.63058239311819E+018,2611.22,13436,0
1.63058241957362E+018,2532.537,15156,0
1.63058244602976E+018,2593.637,14050,0
1.63058247248322E+018,2866.567,16703,0
1.63058249893866E+018,2811.022,17033,0
1.63058252539249E+018,2630.864,20967,0
1.63058255184459E+018,2715.141,16641,0
1.63058257830333E+018,2382.876,12651,0
1.6305826047613E+018,2582.711,19369,0
1.63058263120604E+018,2455.004,8837,0
1.63058265765902E+018,2372.898,7006,0
1.63058268418293E+018,2378.627,9125,0
1.63058271063821E+018,2352.777,8458,0
1.63058273708851E+018,2311.753,15430,0
1.63058276354022E+018,2304.539,13030,0
1.6305827899964E+018,2197.415,9337,0
1.63058281644928E+018,2436.464,12658,0
1.63058284290289E+018,2554.141,17524,0
1.63058286946348E+018,2438.266,11912,0
1.63058289591791E+018,2407.407,18166,0
1.63058292237041E+018,2433.842,10393,0
1.63058294882585E+018,2589.119,16321,0
1.63058297528069E+018,2480.736,16558,0
1.63058300173439E+018,2588.877,17991,0
1.63058302819165E+018,2270.756,13083,0
1.63058305464656E+018,2323.132,9679,0
1.63058308117831E+018,2391.1,12506,0
1.63058310763313E+018,2571.566,14091,0
1.63058313408858E+018,2635.594,12205,0
1.63058316054619E+018,2613.418,19491,0
1.63058318700295E+018,2469.457,21208,0
1.6305832134502E+018,2616.796,17212,0
1.63058323990614E+018,2512.966,15385,0
1.6305832664199E+018,2341.885,11900,0
1.63058329287262E+018,2419.53,13983,0
1.63058331932793E+018,2339.803,9843,0
